id...1,.pred_Ghost,.pred_Ghoul,.pred_Goblin,id...5,bone_length,rotting_flesh,hair_length,has_soul,color
3,0.016123605892062187,0.8734058141708374,0.11047060787677765,3,0.4717744483003892,0.3879370564226163,0.7060866179614931,0.6985372637114671,black
6,0.05564948171377182,0.32768523693084717,0.6166653037071228,6,0.4273322552448829,0.6450235934779244,0.5655579125765406,0.45146162277248664,white
9,0.031196068972349167,0.6376020312309265,0.3312018811702728,9,0.5496018888788191,0.4919305498709827,0.6603874948905774,0.44980917803846093,black
10,0.19898784160614014,0.3385970890522003,0.46241500973701477,10,0.6380949687040852,0.6828674441443191,0.4714089892371896,0.35692447935151533,white
13,0.9679619669914246,0.013126308098435402,0.018911786377429962,13,0.3617622418233112,0.583997388981309,0.37725649636512193,0.27636395430095423,black
14,0.8797198534011841,0.026853276416659355,0.09342686831951141,14,0.2928897889156079,0.505851491144943,0.29792690556516904,0.10626291133397606,white
15,0.032842814922332764,0.6712591052055359,0.2958981394767761,15,0.5844562978819556,0.5516804730919008,0.628329912024545,0.49911784059537245,white
16,0.013633602298796177,0.6215423941612244,0.36482399702072144,16,0.48552486264308314,0.4592423358344067,0.6577347021519275,0.5653366800178985,blue
17,0.059362974017858505,0.10101184993982315,0.8396251797676086,17,0.4717570296566423,0.4079155119634046,0.4659922719274438,0.4066080346426972,blue
18,0.009652124717831612,0.44003066420555115,0.5503172278404236,18,0.5729527214299518,0.31645422144963853,0.6683882110903622,0.64069153156616,clear
20,0.9679619669914246,0.013126308098435402,0.018911786377429962,20,0.3205419461599626,0.5616711702510598,0.3404461367159436,0.3389643608506416,white
21,0.028659021481871605,0.8771883249282837,0.09415262192487717,21,0.41370166663601465,0.5630312395770902,0.8226498342055855,0.5254446653491647,clear
24,0.04300779476761818,0.5813583731651306,0.3756338357925415,24,0.13561463487318395,0.5134994492763852,0.5907637710612295,0.5492396350811746,clear
26,0.5662962198257446,0.052960578352212906,0.3807431757450104,26,0.4576182456943254,0.8578101823126433,0.414918879334734,0.4420856211480749,clear
33,0.017480747774243355,0.7969299554824829,0.18558929860591888,33,0.6281379528368588,0.4392520875993646,0.6375452862694215,0.6103209976983768,white
38,0.5832366943359375,0.17617066204547882,0.2405926138162613,38,0.5126849963144569,0.6260724687811723,0.4703392697427865,0.23330879607351213,black
40,0.0971066802740097,0.5831459164619446,0.31974735856056213,40,0.37950279825152977,0.5539216760079735,0.6588808367803141,0.6375384973248117,clear
41,0.9679619669914246,0.013126308098435402,0.018911786377429962,41,0.2500577617354168,0.6122360145898703,0.28286163810979553,0.31191398702336076,blue
42,0.9166719317436218,0.04014931619167328,0.04317869991064072,42,0.3531752962474388,0.5753856229241963,0.5022458751303444,0.14140410246493493,white
43,0.01639784313738346,0.888261079788208,0.09534111618995667,43,0.4478504390165049,0.5644868086403372,0.7658031149672638,0.5679273463659914,clear
44,0.049938395619392395,0.8265587687492371,0.12350283563137054,44,0.5030254393959209,0.37795984696607177,0.4143506626164279,0.8364478532445255,clear
46,0.014453109353780746,0.16150088608264923,0.8240460157394409,46,0.5951203409672623,0.3693716369647661,0.6215864691641507,0.41024228842589866,black
48,0.04247862100601196,0.7510504126548767,0.2064710259437561,48,0.28437029887680865,0.2045990135183463,0.8270832039613956,0.6000115812296796,clear
49,0.8760141134262085,0.027680592611432076,0.0963052436709404,49,0.47466639384796566,0.4282447632426354,0.36419980677178815,0.366822468871597,black
50,0.014456371776759624,0.5987029075622559,0.38684067130088806,50,0.4434563699157796,0.5312089060996766,0.5178030284461085,0.5928781190440947,clear
51,0.030186833813786507,0.40805086493492126,0.561762273311615,51,0.39413901068983226,0.03940871610155387,0.5799694953949643,0.5947233907792913,clear
52,0.016123605892062187,0.8734058141708374,0.11047060787677765,52,0.6326746150845437,0.3889877396205964,0.723792855972625,0.5451095841804143,green
53,0.01633068360388279,0.05257314443588257,0.9310961961746216,53,0.5717541060297419,0.3712449422296153,0.5444494185546075,0.41637088260229255,green
55,0.040937211364507675,0.9122326970100403,0.04683006554841995,55,0.5562551734573848,0.8103938501409333,0.689320655547613,0.8878274884575238,blue
57,0.021974582225084305,0.650786817073822,0.32723864912986755,57,0.5243425076774092,0.38385333094676327,0.7580563801452407,0.40069523047773087,clear
59,0.01810518652200699,0.43627479672431946,0.5456200242042542,59,0.55462596541240206,0.3708810861757154,0.5078672918961085,0.5579274153876902,white
60,0.017986087128520012,0.8199678659439087,0.16204607486724854,60,0.5879725960109469,0.546885035785316,0.6386987689427376,0.5510497158770515,white
61,0.01639784313738346,0.888261079788208,0.09534111618995667,61,0.6904881728579825,0.7449560594310258,0.7082408588675015,0.6239384897623663,black
63,0.030186833813786507,0.40805086493492126,0.561762273311615,63,0.3467614659985456,0.313704182534835,0.6550069204326094,0.5590016699590189,white
64,0.030186833813786507,0.40805086493492126,0.561762273311615,64,0.2984556251915397,0.3784945656491214,0.5529470320757048,0.609917653123177,clear
65,0.016123605892062187,0.8734058141708374,0.11047060787677765,65,0.5497399626600019,0.5179074770681487,0.8145692180921396,0.6798836311646418,clear
66,0.21010397374629974,0.09807765483856201,0.6918184161186218,66,0.3914291046291008,0.5814451977782966,0.5830589326795618,0.29501989601490525,black
67,0.0571260079741478,0.33637958765029907,0.6064944267272949,67,0.5089638383439511,0.4379650866828097,0.540076616473716,0.5383936443939418,black
68,0.9283984303474426,0.02933584898710251,0.042265746742486954,68,0.5536397103966474,0.69666433824828,0.10920022079538874,0.3950832297018816,white
74,0.019915413111448288,0.8247861266136169,0.15529842674732208,74,0.4631057517642583,0.35105245621668046,0.527841717223586,0.7086891154851328,white
76,0.1620243787765503,0.0899873822927475,0.747988224029541,76,0.3513371787418208,0.3984270897536595,0.4829354473946704,0.3165656367996537,clear
77,0.025303201749920845,0.5921136736869812,0.3825831413269043,77,0.41146807057099966,0.4901344738526094,0.6071321191426291,0.6917143833672279,white
78,0.010057368315756321,0.4165204167366028,0.5734222531318665,78,0.46078681569124746,0.29112984364903377,0.5768509785886798,0.5859320699148629,white
81,0.058607317507267,0.7922251224517822,0.14916753768920898,81,0.3732384900476674,0.3727719089469302,0.5499039097731463,0.6699943078168068,white
83,0.5476730465888977,0.08757775276899338,0.3647492229938507,83,0.2651505074250043,0.2352658371456831,0.3419555636522268,0.36000510099720223,clear
87,0.032842814922332764,0.6712591052055359,0.2958981394767761,87,0.5289359317300588,0.5730908108487507,0.6301247011737423,0.5259679653002403,white
92,0.01639784313738346,0.888261079788208,0.09534111618995667,92,0.4474613862340273,0.5396578693664149,0.7857486817588856,0.6334096181566857,white
97,0.02487332560122013,0.9195025563240051,0.05562412366271019,97,0.3107614700024738,0.4568843765822272,0.7919072485638046,0.7702746712394052,clear
98,0.01639784313738346,0.888261079788208,0.09534111618995667,98,0.4881260307968032,0.5770131382289531,0.8014966386705478,0.5121134567646318,white
99,0.3860089182853699,0.0659344419836998,0.5480566620826721,99,0.4348897813353749,0.4433957845631879,0.4605653831956971,0.3466742193397672,clear
100,0.025303201749920845,0.5921136736869812,0.3825831413269043,100,0.421851948939279,0.4428466672204133,0.5875448490608994,0.551073138557929,clear
101,0.12221068143844604,0.33177515864372253,0.546014130115509,101,0.48466842436630975,0.7491364938881327,0.5760788093716763,0.6120893199628784,clear
102,0.9679619669914246,0.013126308098435402,0.018911786377429962,102,0.32712863297648165,0.6267456957699981,0.22619923643603665,0.12258858593339268,white
104,0.09182459861040115,0.10617130994796753,0.8020040392875671,104,0.3646669528697617,0.40547867384392294,0.6107992522689029,0.4104639485951505,clear
105,0.04815621301531792,0.055680159479379654,0.8961636424064636,105,0.2684483979734463,0.0319179898138144,0.6050184753009145,0.325474988646481,white
106,0.9679619669914246,0.013126308098435402,0.018911786377429962,106,0.29489166420134527,0.6998140566011373,0.30354310390705,0.3851643458990113,clear
108,0.01633068360388279,0.05257314443588257,0.9310961961746216,108,0.46904802043777466,0.22107962761520167,0.5160276134737044,0.3210547791377947,black
110,0.04300779476761818,0.5813583731651306,0.3756338357925415,110,0.3110659038827984,0.5144600081121774,0.6113844284806541,0.6617420201398048,green
112,0.009494081139564514,0.904968798160553,0.08553717285394669,112,0.5600167547432545,0.5402979251356519,0.6556323977545805,0.8502959564386291,white
114,0.7659598588943481,0.13083411753177643,0.10320598632097244,114,0.498107966176188,0.6742604810845773,0.447133974458846,0.14396458961488995,white
116,0.05559144914150238,0.6211861371994019,0.32322245836257935,116,0.6008422098396432,0.5738942493696408,0.6739903067495482,0.392516279831907,green
117,0.02573387511074543,0.7424160838127136,0.2318500280380249,117,0.5197331893692335,0.5756271901129706,0.6125383817783723,0.7706989147296963,blue
120,0.860620379447937,0.0479811355471611,0.09139849245548248,120,0.35159978514094675,0.3885612990948275,0.4358205795499609,0.1678721567333141,clear
121,0.04773303121328354,0.08914139121770859,0.8631255626678467,121,0.5207219128210339,0.22349455000144927,0.44207117312188104,0.476938583721307,white
122,0.018386779353022575,0.8382349610328674,0.14337828755378723,122,0.5678544682912564,0.19100139300868096,0.6320850479512504,0.683249916667319,green
123,0.05209773778915405,0.7188538312911987,0.22904840111732483,123,0.5715237258714361,0.645111180074177,0.5359553987148031,0.5893907849709461,green
124,0.02487332560122013,0.9195025563240051,0.05562412366271019,124,0.3989548229413424,0.4969704793178844,0.7660464139526114,0.7632429967123413,white
126,0.05474650859832764,0.899097740650177,0.04615577310323715,126,0.2230473300820926,0.5916437723872451,0.678433442264705,0.7363128279496082,clear
127,0.5425494909286499,0.09267323464155197,0.36477726697921753,127,0.5604250789900155,0.6111158705445667,0.4327507584631401,0.4360939003661865,white
132,0.02669021300971508,0.7904422879219055,0.18286754190921783,132,0.5831878632656119,0.5029607306811185,0.7031419684684374,0.4126715730338701,black
134,0.8760141134262085,0.027680592611432076,0.0963052436709404,134,0.566765549410427,0.4521652141204134,0.2793792276833496,0.4242612961406777,clear
135,0.08189897984266281,0.5889644026756287,0.3291366696357727,135,0.42745693519486466,0.7317272800057918,0.4235938564295579,0.5584982454402474,green
136,0.04200321435928345,0.5795677900314331,0.37842899560928345,136,0.5879786328069911,0.6806840997917202,0.5976797875957203,0.5440186382444387,black
137,0.019613411277532578,0.8941559195518494,0.08623062819242477,137,0.7076771524114055,0.5570290655278608,0.5468306750244102,0.6333393125002545,clear
138,0.0571260079741478,0.33637958765029907,0.6064944267272949,138,0.5133438195136264,0.4467483149202369,0.52772873212851,0.5371880208195384,clear
139,0.017986087128520012,0.8199678659439087,0.16204607486724854,139,0.6130471913126025,0.5456481858361308,0.5868912751861909,0.5891426470813999,white
140,0.058607317507267,0.7922251224517822,0.14916753768920898,140,0.4003540586980651,0.2973307753651984,0.6715746725877639,0.6552817865005405,clear
144,0.009652124717831612,0.44003066420555115,0.5503172278404236,144,0.5251502639285929,0.2013316840543811,0.6351042975338347,0.5449899944926119,clear
145,0.8329581022262573,0.04643891379237175,0.12060298770666122,145,0.3049521570434575,0.47317754847053334,0.4552612179050118,0.24160244762751015,clear
146,0.056362032890319824,0.050433628261089325,0.8932043313980103,146,0.4379531099548981,0.26977211805399415,0.4488736066152935,0.4088860522131197,black
147,0.8797198534011841,0.026853276416659355,0.09342686831951141,147,0.2549919738109668,0.4854969484492118,0.3601324996709283,0.31697487306531913,green
148,0.012746375985443592,0.2605172395706177,0.7267364263534546,148,0.4869382881742806,0,0.5921285828784681,0.4597779759733987,white
149,0.017480747774243355,0.7969299554824829,0.18558929860591888,149,0.5116952682263662,0.5173072817045169,0.6472811243349524,0.5957399506910853,white
150,0.028185606002807617,0.8626980781555176,0.10911626368761063,150,0.407437058749669,0.4165783717779933,0.7519001579447488,0.4977008300128979,clear
151,0.9679619669914246,0.013126308098435402,0.018911786377429962,151,0.4023413508033286,0.5655693200826903,0.42002429814883785,0.3809206591600883,black
152,0.9679619669914246,0.013126308098435402,0.018911786377429962,152,0.38538968025421183,0.5319981242138038,0.15923382443344156,0.254646416511589,clear
153,0.5107089281082153,0.14915984869003296,0.3401312232017517,153,0,0.2881350540654788,0.450938371405229,0.20026171861534245,white
154,0.0497392900288105,0.05085733160376549,0.8994033932685852,154,0.4379680214965543,0.30300489586436485,0.3848358999501954,0.4931597521081325,white
156,0.9575740098953247,0.023717163130640984,0.018708830699324608,156,0.167284592262925,0.7737429355286426,0.4468837428067572,0.3413831831453281,clear
158,0.8797198534011841,0.026853276416659355,0.09342686831951141,158,0.33981683296442655,0.5202417653619259,0.3816460229648145,0.25860088511477236,black
160,0.8797198534011841,0.026853276416659355,0.09342686831951141,160,0.20972731071431636,0.5295578885509363,0.23203316046333272,0.08401875651908133,black
164,0.7659598588943481,0.13083411753177643,0.10320598632097244,164,0.5200726969708933,0.7523725247431258,0.44315429818755503,0.19197274845350928,white
166,0.020747868344187737,0.42405611276626587,0.5551959872245789,166,0.42634407158879745,0.4306066297676095,0.6253100899972401,0.4859519132291185,green
167,0.5984675884246826,0.11162906885147095,0.2899033725261688,167,0.3948904433682675,0.4314820235204005,0.5729502626079417,0.2563261817942534,green
169,0.9659790992736816,0.013099419884383678,0.02092149667441845,169,0.17914417417657444,0.5706119012112626,0.3044396369095635,0.438460195275184,clear
171,0.9000481367111206,0.012205344624817371,0.08774646371603012,171,0.384520901855406,0.6090958435075446,0.3494605595976518,0.4387739799051622,clear
173,0.09272266179323196,0.09742945432662964,0.8098478317260742,173,0.3429682333837078,0.4797348853016324,0.5470029114651556,0.3114713336262618,black
178,0.8760141134262085,0.027680592611432076,0.0963052436709404,178,0.5039215067998669,0.4168504142817824,0.3458802426846419,0.39067632675248376,black
179,0.012746375985443592,0.2605172395706177,0.7267364263534546,179,0.548880338709564,0.21412744388030497,0.6718481221341174,0.47911095190498465,clear
181,0.860620379447937,0.0479811355471611,0.09139849245548248,181,0.3276823131519033,0.38747036338000207,0.4338908380850776,0.3651246622308374,clear
182,0.04387713596224785,0.4902888536453247,0.4658340513706207,182,0.5919845951560941,0.3880479782574931,0.65295624423584675,0.3862256634154545,white
183,0.032280486077070236,0.10392014682292938,0.8637993931770325,183,0.4446789354666771,0.45581965968248395,0.5802920309658365,0.43713906312764905,clear
184,0.05968792364001274,0.8068321943283081,0.13347986340522766,184,0.37447793824944714,0.4255432251845536,0.6704627022065567,0.5891837150554916,clear
187,0.9556006193161011,0.023702627047896385,0.020696716383099556,187,0.3357203509214739,0.5381151099927575,0.40376793968512714,0.44858469305144927,white
188,0.07811442017555237,0.832526683807373,0.08935888856649399,188,1,0.78865974181576,0.7778942044900825,0.5996826074877823,white
190,0.018386779353022575,0.8382349610328674,0.14337828755378723,190,0.6341618529089357,0.2761126833635309,0.5156855645310802,0.6474840655369903,clear
191,0.017480747774243355,0.7969299554824829,0.18558929860591888,191,0.5069096210256901,0.4105119346386872,0.6323585516138582,0.5517818895950117,clear
196,0.06535722315311432,0.21040363609790802,0.7242391109466553,196,0.43246262501975424,0.5407761602114006,0.5209603703525183,0.32305945595883234,clear
198,0.01639784313738346,0.888261079788208,0.09534111618995667,198,0.550208836295346,0.5824012723768063,0.6997669786206279,0.5445842675813722,clear
200,0.031196068972349167,0.6376020312309265,0.3312018811702728,200,0.6252756727016037,0.5243627568326596,0.6282991970451849,0.5078748391166046,white
201,0.40614551305770874,0.11862058937549591,0.47523388266563416,201,0.3337432403621598,0.38206053042224686,0.4474246544539901,0.23541640119753612,white
202,0.8760141134262085,0.027680592611432076,0.0963052436709404,202,0.4670600930649561,0.38647446243620354,0.314547945050962,0.431274832136039,clear
203,0.1620243787765503,0.0899873822927475,0.747988224029541,203,0.1770848214809077,0.4028152958589301,0.4828463156165372,0.4280890621619898,black
207,0.19112113118171692,0.17956607043743134,0.6293128132820129,207,0.3362296170091725,0.5434012146405611,0.6053631411431721,0.5361830103264583,black
209,0.016123605892062187,0.8734058141708374,0.11047060787677765,209,0.5425939779854945,0.4771301018903664,0.6954821413636714,0.5083503361976769,white
210,0.8797198534011841,0.026853276416659355,0.09342686831951141,210,0.3242376220741427,0.4554051145114787,0.41230492202117647,0.35968982442777514,clear
211,0.7047735452651978,0.06591110676527023,0.2293153554201126,211,0.6590871677207215,0.39080004356005904,0.3749950970189644,0.3114352611056152,blue
212,0.026122653856873512,0.13231724500656128,0.8415601253509521,212,0.42242201161226206,0.22685193225020564,0.6490745914322867,0.5600455262373658,white
213,0.009351382963359356,0.8913669586181641,0.09928163141012192,213,0.5399320449303149,0.4626186338279658,0.5202204829085116,0.8645286256925645,blue
214,0.9283984303474426,0.02933584898710251,0.042265746742486954,214,0.5112707064629374,0.646853473085097,0.3652329341447997,0.33609849283662785,clear
217,0.027230452746152878,0.24410489201545715,0.7286646366119385,217,0.4518356063989548,0.5255460270260263,0.5253937344645968,0.5688891328276822,clear
220,0.09272266179323196,0.09742945432662964,0.8098478317260742,220,0.13740359364249663,0.3994974798173589,0.5192859199533151,0.2969624038551378,white
221,0.8797198534011841,0.026853276416659355,0.09342686831951141,221,0.2376132701811811,0.4878540767114006,0.3774364318167383,0.25849133827327186,green
223,0.04780808463692665,0.8452788591384888,0.10691303014755249,223,0.29973411173175,0.4369299254201276,0.6964597390651779,0.6112782689449139,white
225,0.008192871697247028,0.9279199838638306,0.06388720870018005,225,0.553314451497204,0.31994814795344295,0.7449314795654388,0.7417761899877239,white
228,0.9283984303474426,0.02933584898710251,0.042265746742486954,228,0.5407368041897466,0.7520146911394116,0.2633562276400503,0.32658262474876354,clear
231,0.9283984303474426,0.02933584898710251,0.042265746742486954,231,0.4374578072604482,0.6245875555740349,0.3088715660573096,0.28505171723916994,blue
232,0.8226091861724854,0.03993363305926323,0.1374572068452835,232,0.2435109569814696,0.8745907662152681,0.5078385170395909,0.35550554106711735,white
234,0.07811442017555237,0.832526683807373,0.08935888856649399,234,0.7648687213750686,0.7957912069894427,0.8216444735727002,0.5191860249178282,clear
235,0.10924080014228821,0.36691784858703613,0.5238413214683533,235,0.4096171101799021,0.4165968788646674,0.4482193571499691,0.809782807343295,green
236,0.8797198534011841,0.026853276416659355,0.09342686831951141,236,0.2989201512973399,0.46673986679560897,0.32349145943097174,0.24553012035792457,white
238,0.08579250425100327,0.16488829255104065,0.7493192553520203,238,0.3122313379466742,0.4464006670622731,0.5884070542041702,0.5030966362847662,white
239,0.04603121802210808,0.09735016524791718,0.8566185832023621,239,0.3736305537715169,0.3597381176999297,0.6694800715422385,0.5215012911795918,clear
240,0.009351382963359356,0.8913669586181641,0.09928163141012192,240,0.4970793052499803,0.41940945217701125,0.6648263631332165,0.8519359331417382,blue
241,0.1620243787765503,0.0899873822927475,0.747988224029541,241,0.40182420570454463,0.5047070080513483,0.46899140969913206,0.3745323475690934,black
242,0.07898873090744019,0.23111678659915924,0.6898944973945618,242,0.3960319180060598,0.5018998163890201,0.578653903947541,0.5844476198711841,white
243,0.015881260856986046,0.8602781891822815,0.12384051084518433,243,0.5115000640565655,0.3260358984841549,0.9303755022741736,0.7009355175102377,white
244,0.1545320451259613,0.45215246081352234,0.39331549406051636,244,0.37686362436614074,0.36451678834585377,0.5992405495565335,0.6798759679529113,clear
245,0.08148352056741714,0.08598201721906662,0.8325344324111938,245,0.4061699231875774,0.3737750778851317,0.4489309388449581,0.49022596321699285,blue
246,0.8760141134262085,0.027680592611432076,0.0963052436709404,246,0.43003885052325463,0.4760284570125699,0.311498805308381,0.40417906869704107,clear
248,0.009351382963359356,0.8913669586181641,0.09928163141012192,248,0.5351886330376607,0.4716863863317262,0.6273188660828083,1,blue
249,0.8797198534011841,0.026853276416659355,0.09342686831951141,249,0.3236300033764828,0.43387703730177346,0.3692675176550594,0.39384176284894334,clear
250,0.860620379447937,0.0479811355471611,0.09139849245548248,250,0.32048977240553156,0.516139985833795,0.44265265041561414,0.41575760088668456,black
251,0.02150431089103222,0.40305790305137634,0.5754377841949463,251,0.4484069522845501,0.4711091484022771,0.51363117844693,0.8139894802798346,white
252,0.031196068972349167,0.6376020312309265,0.3312018811702728,252,0.5930985277206363,0.453462211054166,0.6570581557606632,0.4986964420423136,clear
253,0.9679619669914246,0.013126308098435402,0.018911786377429962,253,0.32447010285382366,0.6052552355673301,0.3491521425679277,0.33541478006610415,white
254,0.02669021300971508,0.7904422879219055,0.18286754190921783,254,0.4959028754386521,0.4430069057157371,0.6955813515881166,0.44327090459073126,white
255,0.40614551305770874,0.11862058937549591,0.47523388266563416,255,0.32997113583569726,0.3620239129722385,0.44995264681405306,0.2352325565724526,black
256,0.8797198534011841,0.026853276416659355,0.09342686831951141,256,0.3822085515945141,0.4936932286422626,0,0.2241676081287239,white
257,0.8760141134262085,0.027680592611432076,0.0963052436709404,257,0.4725973425619661,0.4954154453990313,0.32343348138776307,0.4215313745101699,white
259,0.047202810645103455,0.23909308016300201,0.7137041687965393,259,0.4176062822345752,0.39658347434745866,0.6141868493125999,0.6350977738594711,white
260,0.031196068972349167,0.6376020312309265,0.3312018811702728,260,0.6809549759056938,0.5151690075502355,0.6448703965384932,0.4804667920186441,blood
267,0.015668215230107307,0.4795689284801483,0.5047628283500671,267,0.4210410059507123,0.3808607029848313,0.6837098328159051,0.530724191707382,white
269,0.04176197946071625,0.6038177609443665,0.3544202446937561,269,0.4768877175802828,0.4152984812920393,0.4495681058398764,0.5646716587901072,white
270,0.04815621301531792,0.055680159479379654,0.8961636424064636,270,0.31456001345944157,0.19755256228038603,0.6288848448593913,0.3927334746161549,black
271,0.7826427817344666,0.1160363182425499,0.10132087022066116,271,0.24962082217942547,0.7026242989264166,0.2985002451723868,0.4555497717044402,clear
273,0.008256894536316395,0.9351711869239807,0.056571975350379944,273,0.561852519059607,0.4613789016838969,0.682091298382773,0.7591730821726327,white
274,0.016123605892062187,0.8734058141708374,0.11047060787677765,274,0.6144214575586121,0.4464979088265548,0.7234518168236623,0.5934918284856219,white
275,0.790209949016571,0.0654802992939949,0.14430974423885345,275,0.222873036337833,0.6736082376218325,0.5895179451636969,0.27473501568832404,clear
276,0.040937211364507675,0.9122326970100403,0.04683006554841995,276,0.5282444828258913,0.8294614700359552,0.8408384043745764,0.7995681285756628,white
277,0.008256894536316395,0.9351711869239807,0.056571975350379944,277,0.4838711922575803,0.48581858317461873,0.823177188190902,0.7792977838566093,clear
278,0.07898873090744019,0.23111678659915924,0.6898944973945618,278,0.3847917979385725,0.5135762600399497,0.645218950301834,0.6930155079366472,white
279,0.04247862100601196,0.7510504126548767,0.2064710259437561,279,0.35687019308392115,0.270831833159545,0.7882539172016431,0.4902623790515179,white
280,0.009652124717831612,0.44003066420555115,0.5503172278404236,280,0.4791984530735344,0.26436536406333827,0.548163845484996,0.5738846415753595,black
281,0.9679619669914246,0.013126308098435402,0.018911786377429962,281,0.29296113889279185,0.5995984191796542,0.35997691529024883,0.14411995740146763,white
284,0.9259498119354248,0.01653214916586876,0.05751800164580345,284,0.4222780352556623,0.5150379348966408,0.19000821890510977,0.14941722709448857,white
288,0.06316089630126953,0.1264239251613617,0.8104151487350464,288,0.4082904585680028,0.5406254043103054,0.5953897038056885,0.3874626242193229,clear
289,0.9283984303474426,0.02933584898710251,0.042265746742486954,289,0.4944854403489842,0.7866796261030942,0.1790064839528763,0.12743167775978287,white
290,0.04815621301531792,0.055680159479379654,0.8961636424064636,290,0.3482598280541355,0.37608239485422046,0.5948981560872598,0.43600146227952,white
292,0.9283984303474426,0.02933584898710251,0.042265746742486954,292,0.5056195821749433,0.5595322957031755,0.3317974395170349,0.2822818143543033,white
295,0.9679619669914246,0.013126308098435402,0.018911786377429962,295,0.1692128705489467,0.5549657398416898,0.42658895742447256,0.3078596864277284,black
297,0.02890373207628727,0.8737741112709045,0.09732211381196976,297,0.5459554243490163,0.5208272312223075,0.4489362316115237,0.7586996537696911,white
298,0.9679619669914246,0.013126308098435402,0.018911786377429962,298,0.3836287384441427,0.7671260773774166,0.174065615646599,0.16943290030048969,black
303,0.04387713596224785,0.4902888536453247,0.4658340513706207,303,0.6107494781862837,0.48687615946300505,0.6550696550759325,0.34567495916195334,black
304,0.01639784313738346,0.888261079788208,0.09534111618995667,304,0.5168179797356167,0.6912861487856125,0.7177207130465573,0.5369324876285495,white
308,0.01639784313738346,0.888261079788208,0.09534111618995667,308,0.680601325078002,0.581756938482083,0.8057415613537562,0.5742977402876881,clear
309,0.8797198534011841,0.026853276416659355,0.09342686831951141,309,0.31160309412220494,0.4209873147178715,0.3499858357826982,0.38238472041003874,white
310,0.016123605892062187,0.8734058141708374,0.11047060787677765,310,0.6095382653312155,0.4261375856721083,0.8556673465707568,0.6787119839599532,clear
311,0.018016740679740906,0.9077239036560059,0.07425931841135025,311,0.5190241148927166,0.1844867300219792,0.5079588348287183,0.7811388746726156,white
312,0.02669021300971508,0.7904422879219055,0.18286754190921783,312,0.5748090089657171,0.4711621368203229,0.715405308102166,0.4191332601514756,black
314,0.9582418203353882,0.017108699306845665,0.024649426341056824,314,0.4184869037261067,0.6020861105820349,0.337510372063191,0.20164189218746884,white
316,0.23116105794906616,0.2439228743314743,0.5249161124229431,316,0.42516788219630286,0.8376761706217696,0.4294527400631347,0.4797964881108457,green
317,0.016123605892062187,0.8734058141708374,0.11047060787677765,317,0.5295352673066082,0.4783404873194023,0.7357997684789724,0.5617385154135212,green
318,0.9556006193161011,0.023702627047896385,0.020696716383099556,318,0.36437247451434984,0.7067225629308764,0.20814091885459496,0.44828425386775633,clear
319,0.9679619669914246,0.013126308098435402,0.018911786377429962,319,0.25807128848978994,0.6280237958540617,0.2013153133585437,0.3857365296298724,white
320,0.051421526819467545,0.17108748853206635,0.7774909734725952,320,0.4194471542767579,0.45701227639384007,0.5454934725372421,0.4912177486811636,clear
322,0.047202810645103455,0.23909308016300201,0.7137041687965393,322,0.4163822061579792,0.5204689308305253,0.5118977960498209,0.5694171282212698,clear
326,0.07898873090744019,0.23111678659915924,0.6898944973945618,326,0.3647846635008789,0.39906119935693773,0.6555163903081073,0.7034072479218858,white
328,0.1254585236310959,0.731023371219635,0.1435181051492691,328,0.5181461430222946,0.8264244504790538,0.8091231264276035,0.39621006811687826,white
330,0.9582418203353882,0.017108699306845665,0.024649426341056824,330,0.4058796505369044,0.5992877082530673,0.24073483065962364,0.17380627543745236,black
331,0.9679619669914246,0.013126308098435402,0.018911786377429962,331,0.3607241265478471,0.8168136768311567,0.3493969929583791,0.30573062606292095,green
332,0.024986179545521736,0.7647708654403687,0.21024291217327118,332,0.41628763726868034,0.2647753405109291,0.9109826633172028,0.5942955131183724,white
334,0.1341373175382614,0.04634040594100952,0.8195222616195679,334,0.4827702906761841,0.2913317496690198,0.35148905159779176,0.4560549878170583,blue
335,0.7826427817344666,0.1160363182425499,0.10132087022066116,335,0.23495898239827903,0.640291798650388,0.33355947372325384,0.4861376140401375,green
337,0.36882883310317993,0.569991409778595,0.06117977946996689,337,0.3936938432596959,0.8104928084987972,0.9226768839671764,0.6682541409408165,white
341,0.17880749702453613,0.23242533206939697,0.5887671709060669,341,0.32388748337474926,0.6589947687762145,0.5698502066663197,0.5431823616232254,white
344,0.03988565132021904,0.4456874132156372,0.5144269466400146,344,0.4898933449644223,0.37160610159413826,0.6044393788447546,0.3036742693267865,white
345,0.01564859226346016,0.09214480966329575,0.892206609249115,345,0.5357566668362416,0.358899710568444,0.5306236904227741,0.5375236826746468,clear
347,0.04200321435928345,0.5795677900314331,0.37842899560928345,347,0.6517986738180114,0.5874874952118235,0.6278892878398884,0.5495486635943537,clear
348,0.016123605892062187,0.8734058141708374,0.11047060787677765,348,0.5122300257510431,0.40830521312195406,0.7370607028654401,0.5777804916017444,black
349,0.9679619669914246,0.013126308098435402,0.018911786377429962,349,0.28101582120329166,0.657648479390109,0.3833512360180918,0.23387616616605572,white
350,0.9679619669914246,0.013126308098435402,0.018911786377429962,350,0.08825938471619091,0.5717753956175641,0.41482206856453674,0.19337505858289175,black
352,0.4291815459728241,0.0686299204826355,0.5021885633468628,352,0.3005941504230982,0.369538452297306,0.15790179009504282,0.04527240144579485,clear
353,0.8797198534011841,0.026853276416659355,0.09342686831951141,353,0.21532889053440352,0.4312332281247227,0.3265789403076747,0.3704900959198366,white
354,0.027230452746152878,0.24410489201545715,0.7286646366119385,354,0.4453772970580248,0.4262007198856707,0.565223064086641,0.647754542808579,white
356,0.792047917842865,0.0857834741473198,0.12216862291097641,356,0.17450568008144887,0.4068007782490589,0.15977033737060045,0.5789687669716089,white
357,0.044575680047273636,0.28144222497940063,0.6739820837974548,357,0.4177645655050958,0.4598617290394637,0.6338520188714625,0.35220078789048787,clear
360,0.40614551305770874,0.11862058937549591,0.47523388266563416,360,0.33057758231051704,0.33996440397646877,0.42838989712257847,0.27616529508181514,white
361,0.09272266179323196,0.09742945432662964,0.8098478317260742,361,0.39481802876274746,0.4413180053898395,0.5591788719815032,0.43284195816049176,white
363,0.016123605892062187,0.8734058141708374,0.11047060787677765,363,0.4658285017588368,0.4373958118389466,0.7609438468921337,0.5191133380791957,white
364,0.8797198534011841,0.026853276416659355,0.09342686831951141,364,0.3411614335885294,0.3869392010961359,0.4073744298873864,0.37317190945859385,white
365,0.14521561563014984,0.27119001746177673,0.5835943818092346,365,0.4486195810264216,0.6298338077635623,0.42868460835072,0.4647171533399647,white
370,0.9679619669914246,0.013126308098435402,0.018911786377429962,370,0.3829007097262867,0.6082187086231118,0.4222738739965414,0.25575887373785505,clear
371,0.9679619669914246,0.013126308098435402,0.018911786377429962,371,0.34231227917428486,0.7461356234368545,0.15778975142943963,0.3451875774626045,black
372,0.15791526436805725,0.025252044200897217,0.8168327212333679,372,0.35556421400849014,0.25678447255291253,0.38818892433510777,0.44322230934496853,white
373,0.22215764224529266,0.07414127141237259,0.7037010788917542,373,0.3980844259722413,0.5114942615326329,0.42136673897578025,0.4700042609878476,clear
374,0.017480747774243355,0.7969299554824829,0.18558929860591888,374,0.5514966863835439,0.42725828187569104,0.6108767156050782,0.5497227949798921,white
376,0.9679619669914246,0.013126308098435402,0.018911786377429962,376,0.24607407818404292,0.7634032291897016,0.1664978925610756,0.25657768007437315,green
377,0.02920025773346424,0.8424203395843506,0.12837934494018555,377,0.6199611569841437,0.5821299843865279,0.5161860958138054,0.9365782007370672,black
378,0.029198363423347473,0.09087641537189484,0.8799252510070801,378,0.4279651687122552,0.18577144304607424,0.5102610478252496,0.45559441714777327,white
379,0.014453109353780746,0.16150088608264923,0.8240460157394409,379,0.4664770840508642,0.3612804948143195,0.6398917645119595,0.4354058306407303,clear
380,0.04815621301531792,0.055680159479379654,0.8961636424064636,380,0.34665057649251146,0.3664984348346344,0.6038737709382982,0.3720417421516769,clear
381,0.4481005072593689,0.22766710817813873,0.3242323398590088,381,0.36821376549612367,0.4633633485770101,0.3517146463019302,0.6116893335853562,white
382,0.008192871697247028,0.9279199838638306,0.06388720870018005,382,0.5131221081712452,0.3447379441668081,0.6934877458647156,0.779581530429515,clear
383,0.017480747774243355,0.7969299554824829,0.18558929860591888,383,0.5287047934808884,0.4518861061004192,0.6110508994545605,0.6112363213092522,white
384,0.18804025650024414,0.36140263080596924,0.450557142496109,384,0.24395003216880395,0.27765659013513383,0.5322125134083017,0.4998837233094026,white
386,0.9283984303474426,0.02933584898710251,0.042265746742486954,386,0.4338350539758611,0.7480317406369715,0.27549969557693366,0.24239977117613415,clear
388,0.8797198534011841,0.026853276416659355,0.09342686831951141,388,0.2112723709165252,0.45234892470509114,0.210511724958144,0.2081094423681471,white
391,0.046443674713373184,0.08926208317279816,0.8642942309379578,391,0.36694190992012793,0.327831582438932,0.5174891137613128,0.4841919248829228,clear
392,0.9575740098953247,0.023717163130640984,0.018708830699324608,392,0.20896308486792256,0.5369667107853855,0.4379554283336817,0.393955229434231,green
395,0.5107089281082153,0.14915984869003296,0.3401312232017517,395,0.21805390455922133,0.2344966678723861,0.4421491965714464,0.41501247671478814,white
396,0.08439558744430542,0.1784859150648117,0.7371184825897217,396,0.1595519558409285,0.4899310916709917,0.6687164860717668,0.5287763367153374,white
398,0.9679619669914246,0.013126308098435402,0.018911786377429962,398,0.30741831407372705,0.5697332728805543,0.36054188024967854,0.3489786110937999,white
400,0.9679619669914246,0.013126308098435402,0.018911786377429962,400,0.21158220042373052,0.7537994807590065,0.31829408664151027,0.30876891806455353,black
402,0.9679619669914246,0.013126308098435402,0.018911786377429962,402,0.33907139870430675,0.5501588819773622,0.2838653403189194,0.3343492331417785,blood
403,0.017480747774243355,0.7969299554824829,0.18558929860591888,403,0.5069457616823208,0.39864865950569944,0.6252922432344344,0.6459389288168766,clear
405,0.6146640777587891,0.18566352128982544,0.1996723860502243,405,0.4438695397648585,0.5576125530191866,0.479529334223406,0.22730624235821784,black
406,0.016123605892062187,0.8734058141708374,0.11047060787677765,406,0.5696643337351128,0.5107724042891321,0.8161306753367513,0.6912999657855128,white
407,0.2559722363948822,0.3327289819717407,0.4112987816333771,407,0.3073776645366318,0.6772679522575865,0.5560725904584494,0.6683241735380704,clear
408,0.1553708016872406,0.4835730791091919,0.3610561788082123,408,0.5115416027132734,0.6101424189127747,0.489385877068563,0.5262554247764369,clear
411,0.9679619669914246,0.013126308098435402,0.018911786377429962,411,0.32192232499516643,0.6197945034884502,0.34181112558153665,0.3220087310943427,white
413,0.8797198534011841,0.026853276416659355,0.09342686831951141,413,0.24168951558720456,0.4399779916811773,0.2588113057469768,0.3684888572382016,white
414,0.9679619669914246,0.013126308098435402,0.018911786377429962,414,0.25259373580851785,0.7633289035881615,0.22049010076505812,0.18172132087429396,clear
415,0.9679619669914246,0.013126308098435402,0.018911786377429962,415,0.3182309482947957,0.7423529725364101,0.3489436506876568,0.28217794148482,green
417,0.22833342850208282,0.1391793042421341,0.6324872374534607,417,0.401377571866284,0.46000929928781153,0.4639711897316906,0.4661675978644442,white
418,0.32534974813461304,0.15187500417232513,0.5227752327919006,418,0.37933008037953553,0.5777987586930311,0.5398270923365179,0.3432873324831549,white
420,0.046443674713373184,0.08926208317279816,0.8642942309379578,420,0.3660307973869193,0.3235154127101977,0.5739396449248075,0.4729794188740928,black
423,0.9679619669914246,0.013126308098435402,0.018911786377429962,423,0.3889238881572607,0.8223921876703736,0.29970293993406116,0.03391852101982054,clear
424,0.8797198534011841,0.026853276416659355,0.09342686831951141,424,0.2526667265567284,0.5166514631786134,0.34148771187591453,0.38152019025969286,white
425,0.044374510645866394,0.12983743846416473,0.8257880806922913,425,0.32740642036213224,0.35405915747333816,0.5629669758998465,0.6389100615116899,green
426,0.9008824229240417,0.02231302671134472,0.07680459320545197,426,0.11655346705842826,0.6181124258107893,0.4558549960121809,0.31631385459483263,white
430,0.8797198534011841,0.026853276416659355,0.09342686831951141,430,0.28772190642337525,0.3930159506705893,0.31719427793871874,0.3759876580161814,white
431,0.8797198534011841,0.026853276416659355,0.09342686831951141,431,0.3167183566939154,0.4950447690988307,0.38120434083207144,0.42976362993682704,green
432,0.2935987412929535,0.18596316874027252,0.5204380750656128,432,0.6478738779347598,0.8942676470148091,0.5878147250232878,0.35221881680173883,white
433,0.036469049751758575,0.8787828683853149,0.08474808186292648,433,0.5212925519672124,0.5710355360142007,0.47267809565903673,0.5695904201641342,white
436,0.009652124717831612,0.44003066420555115,0.5503172278404236,436,0.5940502766580482,0.341295520188405,0.6033110209805236,0.5429137454280544,white
437,0.9679619669914246,0.013126308098435402,0.018911786377429962,437,0.3259884511536,0.6503419632410924,0.41251857512932416,0.05974567209384213,clear
438,0.021974582225084305,0.650786817073822,0.32723864912986755,438,0.7401423467692234,0.35123188088870233,0.8102094032610065,0.4169373426334445,white
439,0.6683664917945862,0.11416412144899368,0.21746940910816193,439,0.5522276910150467,0.4419180770962227,0.4459055654523344,0.29154590829637445,white
440,0.9166719317436218,0.04014931619167328,0.04317869991064072,440,0.36201591335462985,0.6292239530925214,0.4679562841370976,0.16072109822573497,clear
441,0.8532559871673584,0.07070457190275192,0.07603944838047028,441,0.3696431119413836,0.6217213116996414,0.5587675080697743,0.22055170530212892,clear
442,0.044374510645866394,0.12983743846416473,0.8257880806922913,442,0.373627858936971,0.25906787654049873,0.5679417237720685,0.6218556251860372,blue
443,0.8797198534011841,0.026853276416659355,0.09342686831951141,443,0.4038316686325056,0.459960120743419,0.1867953195822688,0.3609376950024482,clear
444,0.04720620438456535,0.5274882912635803,0.42530548572540283,444,0.5157410753143584,0.6837616120584316,0.6017253490791864,0.4143625027019137,green
445,0.04387713596224785,0.4902888536453247,0.4658340513706207,445,0.6424458108630285,0.3921143739018883,0.6014872541866143,0.32401803506656596,clear
446,0.04200321435928345,0.5795677900314331,0.37842899560928345,446,0.8674136858763195,0.6666804949356574,0.5666713297978474,0.6356397333410543,white
449,0.04200321435928345,0.5795677900314331,0.37842899560928345,449,0.5258215422396922,0.6429543079810627,0.631137622458953,0.5482098015088046,clear
451,0.016123605892062187,0.8734058141708374,0.11047060787677765,451,0.5080259492573638,0.5192984085468701,0.7110060582303122,0.45115127301050617,clear
452,0.8760141134262085,0.027680592611432076,0.0963052436709404,452,0.4874436507896788,0.4488419499559008,0.35945781134290505,0.3663454734528192,black
453,0.32534974813461304,0.15187500417232513,0.5227752327919006,453,0.28412330561905724,0.5559899264748182,0.5115013151481869,0.3410774373621686,clear
455,0.056298982352018356,0.5046870708465576,0.4390139579772949,455,0.4738874205694538,0.3812281589375519,0.5830061283778128,0.7050377093553997,green
456,0.07750344276428223,0.7491759061813354,0.17332063615322113,456,0.2731159367453166,0.39783406473208566,0.7169953462394386,0.4259142379720835,white
457,0.5424765348434448,0.09279521554708481,0.36472824215888977,457,0.43808143416559986,0.6009032061522178,0.41563877839959495,0.4531475580325163,clear
459,0.13820286095142365,0.04612281545996666,0.8156743049621582,459,0.3382237902327117,0.2203549533400337,0.24695544179305529,0.4941812571445353,green
460,0.01639784313738346,0.888261079788208,0.09534111618995667,460,0.7605811681302626,0.6092061179455268,0.7334214616348529,0.5845494512633747,white
461,0.016123605892062187,0.8734058141708374,0.11047060787677765,461,0.5418717332729626,0.387985762494896,0.7016066315546889,0.5518454907552224,clear
463,0.012746375985443592,0.2605172395706177,0.7267364263534546,463,0.4529957952481834,0.3379480088020866,0.6699243208535616,0.49219365348118455,clear
468,0.10311628133058548,0.8099482655525208,0.08693543821573257,468,0.30688830095117,0.5685590850599341,0.8036585883576821,0.5307054974379443,clear
469,0.13190549612045288,0.22695641219615936,0.6411380767822266,469,0.3907809452377968,0.10331897165052673,0.7184264951293484,0.3645890684934394,green
471,0.9575740098953247,0.023717163130640984,0.018708830699324608,471,0.36698729713927686,0.5424509989717241,0.4433080416718525,0.3747689575910386,clear
473,0.8797198534011841,0.026853276416659355,0.09342686831951141,473,0.3004691044321174,0.4014896395300975,0.2696526031533366,0.2332710053166063,clear
474,0.22487930953502655,0.2362946718931198,0.53882598876953125,474,0.2353529799936123,0.3147159930962501,0.5766427554398121,0.37723784208060296,white
475,0.008328220807015896,0.9432494640350342,0.04842233285307884,475,0.5394027483328363,0.6111911826189094,0.8161287721363942,0.951795576982478,white
477,0.009351382963359356,0.8913669586181641,0.09928163141012192,477,0.574352599829187,0.397086368569454,0.5620281363402164,0.7676579992854196,clear
478,0.036693498492240906,0.7499614357948303,0.21334508061408997,478,0.6449313570658279,0.6073495170444614,0.6719584138529728,0.458600696594119,white
479,0.10348880290985107,0.6331111192703247,0.26340001821517944,479,0.3029550456568648,0.1361126018842043,0.5186777256450369,0.7954124449049054,green
480,0.22215764224529266,0.07414127141237259,0.7037010788917542,480,0.3839007169440807,0.5181652642890663,0.2937502244174747,0.5323015268243051,white
483,0.0762021467089653,0.4017001688480377,0.522097647190094,483,0.653926956365702,0.48653078013620793,0.715814565840034,0.33404535535700586,blood
484,0.16552755236625671,0.16924826800823212,0.6652241945266724,484,0.485806345347453,0.5936167139420936,0.3703331940463579,0.4743367595893747,black
485,0.6683664917945862,0.11416412144899368,0.21746940910816193,485,0.5082448310318795,0.4613550184596428,0.4441338387503502,0.03776649135986402,white
486,0.027450142428278923,0.8129479289054871,0.15960192680358887,486,0.546249956247947,0.5759074066500682,0.6827085105355448,0.4042260381512682,blue
488,0.9679619669914246,0.013126308098435402,0.018911786377429962,488,0.3639397526925433,0.6552904607843621,0.2803749571730548,0.4277949602468985,black
489,0.014273260720074177,0.7731738090515137,0.2125529646873474,489,0.5100281974044549,0.1899862313594451,0.7599809511105825,0.5345960686447466,white
490,0.07898873090744019,0.23111678659915924,0.6898944973945618,490,0.403873756206142,0.5189394276493586,0.594646277349824,0.6419899366979113,clear
491,0.056357912719249725,0.05050310865044594,0.8931390047073364,491,0.5072522058130762,0.37672547982628446,0.40191957199494255,0.4481105368276099,green
493,0.032842814922332764,0.6712591052055359,0.2958981394767761,493,0.5362096673952482,0.5922418927655875,0.5949629236166555,0.522605382743332,black
496,0.9679619669914246,0.013126308098435402,0.018911786377429962,496,0.30636480862498194,0.5447434325853833,0.36346130584797814,0.19439726499675097,white
498,0.014453109353780746,0.16150088608264923,0.8240460157394409,498,0.5211439517293694,0.3533834012681636,0.6355616512147567,0.40612444283107046,clear
499,0.8141587376594543,0.07614091783761978,0.10970033705234528,499,0.4613341742791986,0.6419734183154888,0.4187487244789009,0.20441369042537033,blue
500,0.414966881275177,0.4563204348087311,0.12871260941028595,500,0.4425755076336632,0.5641397889474312,0.3521782084345892,0.7559115842081346,white
503,0.04725183546543121,0.24908845126628876,0.70365971326828,503,0.5201460035789255,0.3241684064929913,0.7736806600094791,0.34958350961655094,clear
504,0.414966881275177,0.4563204348087311,0.12871260941028595,504,0.45851013586508554,0.5831368610194222,0.2133684599932089,0.8120382418191698,blue
505,0.8797198534011841,0.026853276416659355,0.09342686831951141,505,0.3033669979933212,0.5187878285699442,0.272568194509707,0.34127255747072105,clear
508,0.5984675884246826,0.11162906885147095,0.2899033725261688,508,0.32894472832233074,0.5155739004881061,0.5618165713727294,0.17787911421402872,white
512,0.02573387511074543,0.7424160838127136,0.2318500280380249,512,0.5296932888533386,0.6936712972881888,0.5867972815505128,0.916672062683334,green
513,0.02669021300971508,0.7904422879219055,0.18286754190921783,513,0.4733699899801302,0.5019488249234402,0.7036974900162845,0.3968851772632841,clear
516,0.5253224968910217,0.13434983789920807,0.340327650308609,516,0.35951106105655867,0.7536005164834216,0.6147263762957768,0.5767003481063679,clear
517,0.06740329414606094,0.21699057519435883,0.715606153011322,517,0.5501923962940163,0.5131428170987866,0.554356967110914,0.3297398667700769,green
519,0.8797198534011841,0.026853276416659355,0.09342686831951141,519,0.35253107487137186,0.4215301290875037,0.331362479130976,0.30063648794029574,black
521,0.17880749702453613,0.23242533206939697,0.5887671709060669,521,0.3132475771567679,0.6648946040348365,0.5899440767908279,0.583720543286616,clear
522,0.016123605892062187,0.8734058141708374,0.11047060787677765,522,0.5358187746771933,0.46718260337131173,0.7472062028771415,0.5728618765958936,white
524,0.014273260720074177,0.7731738090515137,0.2125529646873474,524,0.6115939180081914,0.2130591306437205,0.7550050304614839,0.4489119924006341,white
525,0.028543097898364067,0.051920436322689056,0.9195364117622375,525,0.4139594835889533,0.2824001119685779,0.5517258512390002,0.3603008315482184,blue
526,0.9283984303474426,0.02933584898710251,0.042265746742486954,526,0.47560991412938014,0.6749012449888668,0.23523261849008015,0.27352415996785445,blue
527,0.7944297790527344,0.025102661922574043,0.1804676055908203,527,0.5265354940120135,1,0.20761364744645736,0.4383023947689613,white
529,0.16227859258651733,0.4748184382915497,0.36290299892425537,529,0.30790762157281365,0.5173252672661095,0.6734996312873146,0.5607389120159275,white
530,0.15791526436805725,0.025252044200897217,0.8168327212333679,530,0.3093485743162329,0.24329424902982608,0.368118211628734,0.350694469297328,black
531,0.8760141134262085,0.027680592611432076,0.0963052436709404,531,0.47006755161398567,0.4643660166412273,0.225508791919365,0.20222336260266416,clear
532,0.9679619669914246,0.013126308098435402,0.018911786377429962,532,0.1981087896172912,0.6195994435242148,0.3342848859246977,0.3993321841939012,clear
533,0.08861405402421951,0.5217931270599365,0.38959285616874695,533,0.6826644364526416,0.6753256337241365,0.5307048845312473,0.46179471552040247,clear
535,0.7826427817344666,0.1160363182425499,0.10132087022066116,535,0.3264416309389668,0.936040681441413,0.35230734986447704,0.5380775688137295,clear
537,0.15791526436805725,0.025252044200897217,0.8168327212333679,537,0.2954031295948763,0.3791029749544328,0.3586954475898383,0.4072346996588483,white
538,0.13621413707733154,0.7617590427398682,0.10202684998512268,538,0.533034730863401,0.43905137893697294,0.30916968224267866,0.8780626523233683,white
539,0.04744568094611168,0.8388713002204895,0.1136830598115921,539,0.21269276784409713,0.31762907902256804,0.7579192285766505,0.5085276579037898,black
541,0.9679619669914246,0.013126308098435402,0.018911786377429962,541,0.34778293226307866,0.6840797977902257,0.27437055155217344,0.3333230984431736,clear
543,0.02866785228252411,0.32033830881118774,0.6509938836097717,543,0.48718153243718143,0.5707088332125761,0.6229161440227043,0.3109356719416821,clear
544,0.9679619669914246,0.013126308098435402,0.018911786377429962,544,0.33031949271270983,0.7168094961881181,0.3997853100369517,0.15759843146753535,blue
546,0.43191269040107727,0.21944254636764526,0.34864479303359985,546,0.2866916359245163,0.28787286116065924,0.3989165844106507,0.6970148727510603,green
548,0.9679619669914246,0.013126308098435402,0.018911786377429962,548,0.3293832170052798,0.7599601366166309,0.22489398868139387,0.40815572231915825,white
550,0.01639784313738346,0.888261079788208,0.09534111618995667,550,0.7403123743876209,0.5638281592043698,0.7916529712620527,0.5542906090598819,white
551,0.01639784313738346,0.888261079788208,0.09534111618995667,551,0.5709993431383058,0.7254505400278517,0.7385879914422299,0.5604649576507542,white
554,0.0571260079741478,0.33637958765029907,0.6064944267272949,554,0.5769672272711012,0.4133288162207864,0.5744897533573844,0.4494874001589649,white
555,0.020747868344187737,0.42405611276626587,0.5551959872245789,555,0.4296948475807842,0.4095808303321002,0.6021722363612484,0.47869395526927627,white
560,0.9575740098953247,0.023717163130640984,0.018708830699324608,560,0.12043204026960871,0.6912555992453085,0.4371902576761303,0.4207602772351428,black
562,0.9679619669914246,0.013126308098435402,0.018911786377429962,562,0.3805962352326629,0.5616348480595834,0.26591908254471047,0.219200408869285,clear
563,0.032842814922332764,0.6712591052055359,0.2958981394767761,563,0.4940616062045604,0.6851399278378738,0.663955948429666,0.5306199883644565,clear
566,0.4291815459728241,0.0686299204826355,0.5021885633468628,566,0.3351416800885596,0.3656706541719349,0.24719369763140617,0.30177408101518455,white
567,0.01639784313738346,0.888261079788208,0.09534111618995667,567,0.4938891603368497,0.6565006721068438,0.7762519838386587,0.6297150805354382,clear
568,0.10311628133058548,0.8099482655525208,0.08693543821573257,568,0.33148314951638813,0.550737028251686,0.6971153312862904,0.5770985894456273,clear
569,0.009494081139564514,0.904968798160553,0.08553717285394669,569,0.5011977286174164,0.5483681582700566,0.6396160487666956,0.7743874226679698,black
571,0.016123605892062187,0.8734058141708374,0.11047060787677765,571,0.45400425273103717,0.4121321676296524,0.7371447268788197,0.4819249697063481,black
572,0.1581774353981018,0.4628186821937561,0.3790038526058197,572,0.2513377155895588,0.3582840389060967,0.5667756186176923,0.6394074591528147,black
573,0.047515761107206345,0.42595064640045166,0.5265336036682129,573,0.45440871971776686,0.5900065678599504,0.563659579996268,0.5983372003602576,clear
576,0.04773303121328354,0.08914139121770859,0.8631255626678467,576,0.5060119604429549,0.15356606061062214,0.4469132080841509,0.5128331921840537,green
577,0.32534974813461304,0.15187500417232513,0.5227752327919006,577,0.2370913649186435,0.7000797832164153,0.557378028204559,0.33499477236267505,blue
578,0.22833342850208282,0.1391793042421341,0.6324872374534607,578,0.3829553542206319,0.449633520123755,0.463620728102681,0.49261455850121894,clear
587,0.9679619669914246,0.013126308098435402,0.018911786377429962,587,0.22061780707379916,0.6536167950034993,0.4175372517930383,0.2692985707838597,white
588,0.009652124717831612,0.44003066420555115,0.5503172278404236,588,0.5272524243049119,0.3209245770951177,0.5854263718100161,0.6248997613899202,blue
591,0.8532559871673584,0.07070457190275192,0.07603944838047028,591,0.32886789111772674,0.6669763372118368,0.5392322496274106,0.15084762389464615,white
592,0.014273260720074177,0.7731738090515137,0.2125529646873474,592,0.4794318954409495,0.35088314703441575,0.7225214298174563,0.4918935875007413,green
595,0.03422505781054497,0.8247100710868835,0.14106488227844238,595,0.7333905757073006,0.18836596333258224,0.5022641827061886,0.6631196303677144,white
596,0.8797198534011841,0.026853276416659355,0.09342686831951141,596,0.15990993538801446,0.5290537381908346,0.3652021842164486,0.17158848502967922,clear
597,0.016123605892062187,0.8734058141708374,0.11047060787677765,597,0.7214682861315215,0.43217875415144064,0.6873564035287503,0.5564796038436594,blue
599,0.9679619669914246,0.013126308098435402,0.018911786377429962,599,0.3973807022599403,0.7651188426954001,0.34271390186572803,0.3735605019385111,white
602,0.009652124717831612,0.44003066420555115,0.5503172278404236,602,0.4951192041453382,0.241558293559998,0.5534399161066396,0.6323884237182542,white
603,0.020747868344187737,0.42405611276626587,0.5551959872245789,603,0.4558030039753957,0.5120274928401471,0.6591216165998373,0.4768894505802285,green
605,0.07898873090744019,0.23111678659915924,0.6898944973945618,605,0.3851995425307734,0.4793658302040655,0.6397527362121581,0.5510321580890645,white
606,0.9679619669914246,0.013126308098435402,0.018911786377429962,606,0.20257871878334363,0.5681083739003181,0.4175364487718448,0.05789297930322287,clear
611,0.9679619669914246,0.013126308098435402,0.018911786377429962,611,0.37941779965533823,0.5584484666726003,0.20008680270402304,0.32760056632502194,green
612,0.01754573918879032,0.8839938044548035,0.09846039861440659,612,0.565613756492146,0.4361533430532443,0.5068441470403571,0.8658926947328881,clear
613,0.13312828540802002,0.08114757388830185,0.7857241630554199,613,0.282410491599326,0.3186767982312148,0.4603648418865787,0.5408020152182237,blue
615,0.9441068172454834,0.029838627204298973,0.026054561138153076,615,0.19132663232481883,0.7593288692632891,0.2939954671441677,0.49670286154832105,clear
618,0.09272266179323196,0.09742945432662964,0.8098478317260742,618,0.35635924667406493,0.5100652734511394,0.5115192733257167,0.3830502250291528,white
619,0.9679619669914246,0.013126308098435402,0.018911786377429962,619,0.28895421107029184,0.604120122406464,0.3587542819886238,0,clear
620,0.8797198534011841,0.026853276416659355,0.09342686831951141,620,0.34722478319114913,0.3859518840586749,0.32055448587244434,0.3384406324147977,white
622,0.1553708016872406,0.4835730791091919,0.3610561788082123,622,0.71443285408905,0.5755908581827267,0.5001139805177142,0.5064882053076755,blue
623,0.01639784313738346,0.888261079788208,0.09534111618995667,623,0.480217034380478,0.6947974987209152,0.7170459900279681,0.6239581352493109,clear
624,0.052920710295438766,0.2680555582046509,0.6790236830711365,624,0.4222097616675548,0.5952838353596738,0.5752154257128477,0.6099992095667448,white
626,0.07655546814203262,0.7400124669075012,0.18343207240104675,626,0.2429665874780997,0.25739647128402915,0.7095958577488716,0.39420878202200754,white
628,0.014645337127149105,0.9372408390045166,0.0481138750910759,628,0.41581564390039455,0.6238538599700194,0.7530401172733558,0.7549113469007266,white
629,0.8797198534011841,0.026853276416659355,0.09342686831951141,629,0.3469308270481787,0.48728662200482714,0.4251255894659688,0.3444282227750606,white
633,0.8141587376594543,0.07614091783761978,0.10970033705234528,633,0.4548995589406311,0.6868535385006524,0.4174664969502051,0.31260457274911563,white
634,0.008256894536316395,0.9351711869239807,0.056571975350379944,634,0.5054236386407939,0.489092015350463,0.7493912253381266,0.7347154478163384,green
635,0.9679619669914246,0.013126308098435402,0.018911786377429962,635,0.2312759597467828,0.8313664075744046,0.3386083150554865,0.260805818311307,clear
636,0.3680397868156433,0.03441943600773811,0.5975407958030701,636,0.4697360132161851,0.4287560994387246,0.39675859776267985,0.43653918976610706,clear
638,0.8797198534011841,0.026853276416659355,0.09342686831951141,638,0.2684925259174797,0.4895529952156062,0.3225909680484225,0.34904426918734827,white
639,0.017986087128520012,0.8199678659439087,0.16204607486724854,639,0.4937668756666026,0.5645140462929897,0.6491256133478961,0.5871956276213068,clear
640,0.7047735452651978,0.06591110676527023,0.2293153554201126,640,0.5135947742646988,0.41891474867949086,0.40645011255573793,0.3471528963661099,clear
642,0.512156069278717,0.10511936992406845,0.3827245533466339,642,0.3595275124758022,0.252808822937762,0.6012323024166027,0.1899501977257117,blue
643,0.01639784313738346,0.888261079788208,0.09534111618995667,643,0.4948880919548143,0.5761509833075097,0.8135033487637253,0.4713864460245072,black
644,0.032842814922332764,0.6712591052055359,0.2958981394767761,644,0.5068600369091073,0.5689802422228659,0.6003196375001636,0.5122428021837505,white
645,0.9679619669914246,0.013126308098435402,0.018911786377429962,645,0.39612078571899817,0.575536998284105,0.3604658899167624,0.26163666494058063,green
646,0.8527707457542419,0.08230474591255188,0.06492452323436737,646,0.4083800093234144,0.6634432082134547,0.4449459318586276,0.27945024817905173,white
648,0.6196104884147644,0.1057511642575264,0.2746383249759674,648,0.4155166826053916,0.4031001169816175,0.5049407472632599,0.26142382237783507,clear
649,0.6127815246582031,0.06248856708407402,0.32472994923591614,649,0.38474373743219575,0.3854804162379371,0.4337979223642073,0.4486262994611071,clear
650,0.8141587376594543,0.07614091783761978,0.10970033705234528,650,0.5774060685703141,0.7221066631650427,0.371622204253412,0.1580937516457887,white
652,0.8797198534011841,0.026853276416659355,0.09342686831951141,652,0.15397522105847722,0.48864398159890393,0.38082677501525225,0.33038501681263654,clear
655,0.9441068172454834,0.029838627204298973,0.026054561138153076,655,0.19966145321110207,0.5936000838139164,0.16023136448399264,0.5214946768273494,white
656,0.13820286095142365,0.04612281545996666,0.8156743049621582,656,0.30316603749710386,0.31848718538290005,0.24562833040336607,0.526572077884535,white
657,0.12029006332159042,0.20468522608280182,0.6750247478485107,657,0.513169619618553,0.5261688515212875,0.4662022108413995,0.2959327724128374,blue
658,0.06251295655965805,0.6620481014251709,0.27543899416923523,658,0.41407533823124487,0.2025878424603994,0.6344570336872036,0.7197872782652576,clear
659,0.10311628133058548,0.8099482655525208,0.08693543821573257,659,0.32957926996414194,0.6147159489178701,0.7858821303672057,0.5290022867694378,clear
660,0.9679619669914246,0.013126308098435402,0.018911786377429962,660,0.12381822355185144,0.6324578174306703,0.3951609332779572,0.17139701313221453,white
665,0.4291815459728241,0.0686299204826355,0.5021885633468628,665,0.4050030054613637,0.3271962113617836,0.4242408531212625,0.24762439395643224,clear
666,0.16552755236625671,0.16924826800823212,0.6652241945266724,666,0.4621913958975518,0.6813593838348452,0.4045641648562693,0.530211874772025,clear
668,0.014273260720074177,0.7731738090515137,0.2125529646873474,668,0.5450554047975797,0.2968176957192359,0.7090766583494612,0.5408619573433578,clear
670,0.01639784313738346,0.888261079788208,0.09534111618995667,670,0.7928417096892332,0.7214385259218277,0.7056824843112062,0.5002845066803442,black
671,0.15077532827854156,0.15316784381866455,0.6960567831993103,671,0.3163796825363479,0.4051041970482037,0.487167996159559,0.5090766795067948,white
672,0.32534974813461304,0.15187500417232513,0.5227752327919006,672,0.3250876928288323,0.5943332873030286,0.5167208153742644,0.4262784520840023,clear
673,0.04780808463692665,0.8452788591384888,0.10691303014755249,673,0.3108115903215481,0.5098116873758369,0.8760835169811404,0.4804747824666565,green
675,0.5075562000274658,0.02682073786854744,0.46562305092811584,675,0.4137274156699065,0.39398727777792486,0.4200365358403835,0.4450815782380491,blood
681,0.118360236287117,0.6718323826789856,0.2098073661327362,681,0.6658816677029052,0.7620995745789226,0.6301892026042181,0.9224917592413308,clear
683,0.08579250425100327,0.16488829255104065,0.7493192553520203,683,0.3295396495277713,0.5020890254750566,0.5429602948715869,0.5126825457334073,blood
687,0.008192871697247028,0.9279199838638306,0.06388720870018005,687,0.6702282409323267,0.3082909771899206,0.8068222805621802,0.7407633782486223,clear
689,0.9679619669914246,0.013126308098435402,0.018911786377429962,689,0.3791186631296018,0.6643323346206543,0.4116632720850587,0.1728887657258863,green
691,0.017480747774243355,0.7969299554824829,0.18558929860591888,691,0.6009646914520166,0.4964516174919518,0.6098696025416723,0.6862369702605535,blood
692,0.008192871697247028,0.9279199838638306,0.06388720870018005,692,0.6124832038063059,0.27104470609259107,0.7394714132969522,0.7994150743303566,white
694,0.9679619669914246,0.013126308098435402,0.018911786377429962,694,0.3824308726208264,0.6385851147655892,0.3248047019323915,0.38026862051146254,clear
697,0.19112113118171692,0.17956607043743134,0.6293128132820129,697,0.3737531675751869,0.5412538109601003,0.6479680461191798,0.5002317840159538,clear
702,0.8857580423355103,0.04680601879954338,0.06743596494197845,702,0.4258721061233085,0.7675158382730686,0.42015762832624715,0.2666159928889361,white
703,0.5918356776237488,0.1214735135436058,0.2866908311843872,703,0.3760153440558161,0.511563577659039,0.6125272439279379,0.14187453182895654,white
704,0.6683664917945862,0.11416412144899368,0.21746940910816193,704,0.5755823485659279,0.4892514777982976,0.4326519420019263,0.34366566572712,black
706,0.01639784313738346,0.888261079788208,0.09534111618995667,706,0.5764980137493205,0.5346830744152508,0.6941419627255173,0.5904048596109976,white
707,0.5476730465888977,0.08757775276899338,0.3647492229938507,707,0.12152175737701666,0.24162530193889636,0.23513998761334792,0.35688873465647697,clear
710,0.04200321435928345,0.5795677900314331,0.37842899560928345,710,0.5677036302606289,0.6023851226199484,0.6312639091360811,0.5665493825547697,white
711,0.9679619669914246,0.013126308098435402,0.018911786377429962,711,0.2549286814149584,0.6149309765114882,0.27145281306831187,0.3260314494949674,white
712,0.044374510645866394,0.12983743846416473,0.8257880806922913,712,0.3268076674320234,0.3266028330017409,0.557190397668081,0.5670432665022421,green
713,0.04200321435928345,0.5795677900314331,0.37842899560928345,713,0.5889278936842108,0.5729764083385109,0.6063949585195861,0.590805906809352,green
717,0.02981434017419815,0.4310722053050995,0.539113461971283,717,0.534403703126003,0.3747957645708044,0.46101146414602856,0.6316557576976848,clear
718,0.32534974813461304,0.15187500417232513,0.5227752327919006,718,0.22240287356297203,0.6444399912301582,0.5237549068591283,0.29585904682886977,clear
720,0.9575740098953247,0.023717163130640984,0.018708830699324608,720,0.3464713936741479,0.6322228952541871,0.43641084084107734,0.2790547503174927,white
723,0.04200321435928345,0.5795677900314331,0.37842899560928345,723,0.5621734163398626,0.7111071642990058,0.6021340865802338,0.5425857864845062,white
724,0.017480747774243355,0.7969299554824829,0.18558929860591888,724,0.5422613374509694,0.4945874976344352,0.6645135717049054,0.582130403490061,white
725,0.2217148393392563,0.5930202603340149,0.1852649748325348,725,0.5128113695536631,0.2922262495063947,0.3621082079715759,0.6629255024370009,white
726,0.9679619669914246,0.013126308098435402,0.018911786377429962,726,0.2804961402936706,0.5913693932596328,0.2258216333864204,0.27341315063426685,white
730,0.9679619669914246,0.013126308098435402,0.018911786377429962,730,0.3122351643115108,0.7665938211534642,0.31603878611528197,0.3363753769381051,clear
735,0.08624114841222763,0.40863266587257385,0.5051261782646179,735,0.4286171699593184,0.6059574791418952,0.5049351952672163,0.583252163792565,white
738,0.7122085094451904,0.12165280431509018,0.16613872349262238,738,0.5496917500632343,0.5600106527018318,0.4497502631736108,0.44648555525519873,white
740,0.0235564224421978,0.4415208399295807,0.53492271900177,740,0.44570602982840607,0.6668649973358806,0.6424608810405091,0.7531571906418796,white
742,0.9679619669914246,0.013126308098435402,0.018911786377429962,742,0.3563410446533098,0.7141193197435289,0.3147506974934544,0.21387416672244944,black
744,0.13495132327079773,0.06856492906808853,0.7964836955070496,744,0.39646444191181024,0.2894384918287329,0.4168757041208541,0.6322238150099497,blood
748,0.2509489953517914,0.6712127923965454,0.07783824950456619,748,0.5366173409720927,0.570873054682669,0.33214674441066766,0.625818509208283,black
749,0.02669021300971508,0.7904422879219055,0.18286754190921783,749,0.446405225546098,0.3847624723433853,0.6905163469960328,0.4079760435496751,white
752,0.21837662160396576,0.20434921979904175,0.5772741436958313,752,0.4441841353358505,0.37696429867319,0.844966569721814,0.2917862577408698,black
755,0.35437530279159546,0.19681796431541443,0.4488067328929901,755,0.2537870694350175,0.24497896323045337,0.49391422594811296,0.43595247547605653,clear
757,0.10311628133058548,0.8099482655525208,0.08693543821573257,757,0.32925849147444886,0.6388482736579941,0.7318181002004801,0.5538740933921957,green
758,0.22833342850208282,0.1391793042421341,0.6324872374534607,758,0.3615392166963684,0.427638866428967,0.45290910762805786,0.5340688481516157,white
759,0.9575740098953247,0.023717163130640984,0.018708830699324608,759,0.15941784447682733,0.8208730341565178,0.42862191786545656,0.0794510937474607,white
760,0.04387713596224785,0.4902888536453247,0.4658340513706207,760,0.5953648453903516,0.4280879265030356,0.61225133424528555,0.3265944951563982,clear
762,0.8527707457542419,0.08230474591255188,0.06492452323436737,762,0.41579351799705366,0.946246924212641,0.42810696214564536,0.35438625929216055,white
763,0.019613411277532578,0.8941559195518494,0.08623062819242477,763,0.5863647804488342,0.542928011666642,0.5260042890733546,0.6988923042743628,black
764,0.11606582254171371,0.3736492097377777,0.510284960269928,764,0.6827362586213996,0.5830412864276124,0.5250006264713919,0.40865122725702663,clear
765,0.9679619669914246,0.013126308098435402,0.018911786377429962,765,0.2408864676910042,0.6326459988613098,0.37176370888248383,0.01943823659601127,black
767,0.7556256055831909,0.07449726015329361,0.16987715661525726,767,0.20914105111243617,0.35689619493181884,0.46539079989594073,0.2213936296034907,green
768,0.9679619669914246,0.013126308098435402,0.018911786377429962,768,0.352981786821041,0.780451925467967,0.3235503578030113,0.4085428890663272,blue
769,0.017480747774243355,0.7969299554824829,0.18558929860591888,769,0.5009513756678143,0.47561157165222145,0.5150518317466897,0.5862344777064505,clear
770,0.8760141134262085,0.027680592611432076,0.0963052436709404,770,0.5468885634681441,0.461131043591811,0.35636870637603435,0.27123433756608795,blue
771,0.2128574550151825,0.1975240260362625,0.5896185636520386,771,0.38899932745097826,0.4215689857367156,0.46175094603215655,0.6390990972890823,green
773,0.16039495170116425,0.29953739047050476,0.5400676727294922,773,0.5440494141476854,0.3903219212457374,0.4575189761383052,0.4838160776908416,green
774,0.21837662160396576,0.20434921979904175,0.5772741436958313,774,0.5996678668529554,0.3766925144678376,0.7981472940538821,0.28544722762085595,white
776,0.015881260856986046,0.8602781891822815,0.12384051084518433,776,0.7422308753759779,0.22216206491333848,0.9998409353640688,0.7012410609965897,clear
778,0.04200321435928345,0.5795677900314331,0.37842899560928345,778,0.5344805429114484,0.5901232876516092,0.6671484623850706,0.6627421601241374,clear
780,0.07898873090744019,0.23111678659915924,0.6898944973945618,780,0.3685116304778206,0.5247533311555668,0.6520496362735653,0.6048148844648011,green
781,0.032564468681812286,0.7846953868865967,0.18274012207984924,781,0.4939441988274084,0.45450279762434903,0.501895969786487,0.5964305299147631,clear
782,0.048452042043209076,0.07542098313570023,0.8761269450187683,782,0.4730987411897035,0.23493720314780153,0.3788780398660684,0.575423211429828,white
783,0.47763577103614807,0.15940269827842712,0.3629615306854248,783,0.2480902659073821,0.3755334942022808,0.3191594804124451,0.5215226758076992,clear
784,0.014929930679500103,0.13383795320987701,0.85123211145401,784,0.4418099110029506,0.18824229243045365,0.5492013138917722,0.5906091413286165,clear
787,0.8532559871673584,0.07070457190275192,0.07603944838047028,787,0.37751967216478055,0.5908002727146612,0.5581591232556733,0.2472817059685385,white
788,0.028659021481871605,0.8771883249282837,0.09415262192487717,788,0.4088712179213722,0.6226497348632692,0.7383633686558156,0.602784226604599,white
789,0.020747868344187737,0.42405611276626587,0.5551959872245789,789,0.43239014200611575,0.4054429081494342,0.6365427612922235,0.4975436980461207,green
790,0.9679619669914246,0.013126308098435402,0.018911786377429962,790,0.30148112854137593,0.5745413889036604,0.3827502018436086,0.345191133499301,clear
791,0.8797198534011841,0.026853276416659355,0.09342686831951141,791,0.269575175698655,0.5215048694642801,0.15857461052363703,0.39849399373565936,white
794,0.10311628133058548,0.8099482655525208,0.08693543821573257,794,0.3105624475353331,0.7413292627155533,0.785861152703,0.625855631579269,white
795,0.01639784313738346,0.888261079788208,0.09534111618995667,795,0.5478550221745124,0.6876118711240358,0.6815169415972667,0.6789705176587983,white
796,0.15077532827854156,0.15316784381866455,0.6960567831993103,796,0.2377975503076596,0.4215345705951943,0.5010417952541173,0.4768612322760899,white
798,0.09035287797451019,0.8267015218734741,0.08294562250375748,798,0.47986545339163905,0.6061152956636793,0.43675878842247584,0.747448691927596,clear
799,0.4291815459728241,0.0686299204826355,0.5021885633468628,799,0.2809770426986982,0.2357681126373447,0.2747504051542137,0.14731136745357065,white
800,0.05209773778915405,0.7188538312911987,0.22904840111732483,800,0.6033054288972668,0.6072371969766933,0.516253494241977,0.664046566366949,clear
803,0.047515761107206345,0.42595064640045166,0.5265336036682129,803,0.4521322884376673,0.5816810953921222,0.5124138887543578,0.6424825076369135,white
805,0.9679619669914246,0.013126308098435402,0.018911786377429962,805,0.369353389253381,0.5744807695544699,0.40853258074632,0.2138820027977949,clear
806,0.008256894536316395,0.9351711869239807,0.056571975350379944,806,0.4757596862905027,0.4755147715295958,0.7522496831538252,0.8132563259549813,clear
807,0.14435039460659027,0.7231332659721375,0.13251632452011108,807,0.5785444427661345,0.5877669887728253,0.3936119578310074,0.7905853159203715,black
808,0.2591317594051361,0.4162788689136505,0.324589341878891,808,0.4181443033730795,0.4662239140445333,0.44628255031726305,0.6125871110285194,clear
810,0.028659021481871605,0.8771883249282837,0.09415262192487717,810,0.42198893374104635,0.6089377338393451,0.751774423216248,0.6075314817808185,green
811,0.9283984303474426,0.02933584898710251,0.042265746742486954,811,0.5071162805259092,0.5778561512131284,0.32172000962575814,0.3695504549488844,blue
815,0.9679619669914246,0.013126308098435402,0.018911786377429962,815,0.2820768132733049,0.6553378142771656,0.3855020941958224,0.3698515981888488,green
816,0.1396050602197647,0.2159058302640915,0.6444891095161438,816,0.317346127891784,0.5228750992985444,0.5018565255119848,0.5876764711649266,clear
818,0.9679619669914246,0.013126308098435402,0.018911786377429962,818,0.22537650976365375,0.5923669656051938,0.26993196698747135,0.27352808552697666,blue
821,0.9679619669914246,0.013126308098435402,0.018911786377429962,821,0.10426174277481162,0.7121082760388406,0.42078829819045255,0.28758764818452087,blood
822,0.05266065523028374,0.05063145235180855,0.8967078924179077,822,0.4197042288468951,0.3481519090127134,0.5100838195412023,0.37729687499280623,white
823,0.047202810645103455,0.23909308016300201,0.7137041687965393,823,0.40652266579289215,0.48584846963045497,0.6076231948729031,0.6933120717005687,clear
824,0.036693498492240906,0.7499614357948303,0.21334508061408997,824,0.4547653994930294,0.60924808388878,0.6719341850551729,0.4750515665295052,green
825,0.8797198534011841,0.026853276416659355,0.09342686831951141,825,0.39546256292452575,0.5292274952410894,0.2259624857334317,0.2601612851802624,clear
826,0.5766608119010925,0.09849981963634491,0.32483935356140137,826,0.6322145259113862,0.4927754547648828,0.4566656872448879,0.4463517390929668,clear
828,0.7826427817344666,0.1160363182425499,0.10132087022066116,828,0.2940163355585526,0.571567489997207,0.3907359838641278,0.5242389991991264,white
830,0.04815621301531792,0.055680159479379654,0.8961636424064636,830,0.3788768208277919,0.3138358701263232,0.6270820334924967,0.4041956821132937,black
832,0.7382082939147949,0.07278008759021759,0.18901163339614868,832,0.08133877297462674,0.4732520152952852,0.49920066199390384,0.23337576779463695,blue
833,0.9166719317436218,0.04014931619167328,0.04317869991064072,833,0.24599803394836317,0.6562425334697574,0.48154533015328865,0.06947943599105064,blood
834,0.9679619669914246,0.013126308098435402,0.018911786377429962,834,0.18065481886998183,0.712940464822041,0.3861788023014141,0.25549624532946924,white
835,0.01639784313738346,0.888261079788208,0.09534111618995667,835,0.4707264554905934,0.6716222339260971,0.7242040111926005,0.5191060388686377,white
838,0.9283984303474426,0.02933584898710251,0.042265746742486954,838,0.4708544626336483,0.5457437602353137,0.17361705880246886,0.3685885745228707,clear
842,0.06308445334434509,0.3859303891658783,0.5509851574897766,842,0.34555347754349347,0.49914124650795266,0.6028036860662531,0.7149648831190777,green
844,0.016123605892062187,0.8734058141708374,0.11047060787677765,844,0.6670387959960258,0.5168491607433907,0.8419458091113737,0.6291207643273653,white
848,0.9679619669914246,0.013126308098435402,0.018911786377429962,848,0.24694685765647692,0.6808735064015767,0.310767847326818,0.3891234118532864,green
850,0.016123605892062187,0.8734058141708374,0.11047060787677765,850,0.6970773115494835,0.40098332502127354,0.7781194321940467,0.6335460808948606,clear
852,0.9283984303474426,0.02933584898710251,0.042265746742486954,852,0.5286968307487865,0.6977040226927095,0.151532439832786,0.2558912131282485,black
853,0.0571260079741478,0.33637958765029907,0.6064944267272949,853,0.5689027571035806,0.4378496810731459,0.5475044662844424,0.5235873820158474,blue
854,0.017480747774243355,0.7969299554824829,0.18558929860591888,854,0.525670243864605,0.46086471977537247,0.6597153044809095,0.5450230869435263,white
856,0.39426562190055847,0.2708841860294342,0.33485013246536255,856,0.3228445996740023,0.5988987702049376,0.5037758643669781,0.6791682702131585,green
857,0.7047735452651978,0.06591110676527023,0.2293153554201126,857,0.4425084785650099,0.5288045696132504,0.3933644851959032,0.2255920106899398,clear
859,0.0584220327436924,0.18807728588581085,0.7535006999969482,859,0.490843079422927,0.3803183670475333,0.5639859957929828,0.2957124044566328,clear
860,0.9679619669914246,0.013126308098435402,0.018911786377429962,860,0.2293253789416753,0.5841135407551247,0.3644420680796746,0.40985527232669866,white
862,0.36991462111473083,0.12779434025287628,0.5022910237312317,862,0.47980398128839286,0.7437667575273824,0.2831416553932847,0.49054855905535183,black
863,0.07898873090744019,0.23111678659915924,0.6898944973945618,863,0.3984830031268195,0.4495503114188518,0.6664110976654781,0.5447425276366072,blue
865,0.01639784313738346,0.888261079788208,0.09534111618995667,865,0.5413531888176186,0.6845920706387648,0.7025457246032077,0.5798898292989817,black
866,0.15337303280830383,0.02538825385272503,0.8212387561798096,866,0.45250837758242457,0.06583832244898044,0.15941607888772957,0.3337749476425184,clear
868,0.018712403252720833,0.8530798554420471,0.12820769846439362,868,0.5842228367188558,0.43261865015916234,0.6755808043434651,0.542931307483179,white
869,0.4770907759666443,0.11771556735038757,0.40519362688064575,869,0.3623382310715588,0.5807382947123437,0.4984418230355974,0.35269070215496073,clear
870,0.10311628133058548,0.8099482655525208,0.08693543821573257,870,0.3662276647464828,0.6825017938308631,0.8578172348542199,0.4612940779505166,clear
871,0.05767828971147537,0.028257904574275017,0.9140638709068298,871,0.4983141791013112,0.3740591817820526,0.4066184575928734,0.4132505256431665,clear
872,0.02866785228252411,0.32033830881118774,0.6509938836097717,872,0.4729870618069618,0.5430865946049376,0.6448241753036719,0.4160427521059445,clear
875,0.017480747774243355,0.7969299554824829,0.18558929860591888,875,0.49702169668896456,0.4312111454133839,0.6194551465074561,0.6608238789664583,white
876,0.9283984303474426,0.02933584898710251,0.042265746742486954,876,0.43709586315549986,0.5452491027954017,0.27015415854189184,0.3147107000412252,white
879,0.790209949016571,0.0654802992939949,0.14430974423885345,879,0.3076441102844663,0.5992165483011355,0.5782938822071038,0.21554219675488936,black
880,0.014273260720074177,0.7731738090515137,0.2125529646873474,880,0.5611841779482624,0.2783310298918879,0.6992667628877934,0.5546760346041134,clear
881,0.018386779353022575,0.8382349610328674,0.14337828755378723,881,0.5552415173093617,0.332323137056957,0.6342956981796333,0.7097365837714882,black
882,0.10348880290985107,0.6331111192703247,0.26340001821517944,882,0.35192302316137825,0.2936184321489193,0.5406705014950834,0.7964180369671884,clear
883,0.04840206354856491,0.050859056413173676,0.9007388353347778,883,0.40117889646587734,0.34688114794422503,0.5737227960320397,0.4177283996086512,white
884,0.029198363423347473,0.09087641537189484,0.8799252510070801,884,0.4975558229162766,0.3364805022752795,0.4765960471374961,0.5056955990539572,clear
885,0.9679619669914246,0.013126308098435402,0.018911786377429962,885,0.34476013433135677,0.7604891384809525,0.315304978942705,0.2998737063562351,white
887,0.008328220807015896,0.9432494640350342,0.04842233285307884,887,0.49733484389134264,0.6036575623053008,0.8007469117801166,0.7114932266181686,blue
888,0.012746375985443592,0.2605172395706177,0.7267364263534546,888,0.6502889345718917,0.34066027099322926,0.6113599325976219,0.4992693396429319,white
891,0.016123605892062187,0.8734058141708374,0.11047060787677765,891,0.487515630655963,0.4567954683157817,0.6912510876757189,0.6874193656151879,green
892,0.02573387511074543,0.7424160838127136,0.2318500280380249,892,0.6026294661704815,0.7324977157120338,0.6275185500798994,0.8150083867631934,white
893,0.20173922181129456,0.34711217880249023,0.4511485695838928,893,0.3775725702958888,0.39015793080049815,0.6964648289002103,0.3553731859893817,blue
894,0.9441068172454834,0.029838627204298973,0.026054561138153076,894,0.2291612575282136,0.601264695795748,0.191282181876435,0.47511512070070344,clear
895,0.008256894536316395,0.9351711869239807,0.056571975350379944,895,0.5104973968247725,0.4983474541673617,0.7080199158094475,0.714153854408193,white
898,0.9679619669914246,0.013126308098435402,0.018911786377429962,898,0.33147215359934745,0.7658345649295655,0.3382066518541627,0.19343091476467483,clear
899,0.9679619669914246,0.013126308098435402,0.018911786377429962,899,0.2567891927553072,0.6918024425042691,0.4151968053837178,0.3489712010801874,white
